,week_end_date,sessions,avg_session_length,unique_clients,tb_downloaded,tb_uploaded,cumulative_bandwidth_tb,cumulative_sessions,cumulative_subscribers,gb_per_session,weekly_session_change_pct,avg_session_length_seconds,avg_session_length_minutes,energy_efficiency,energy_usage_flag
0,2020-01-05,23086410,00:04:07,683250,121.01,12.67,14353.83,2251215052,8461839,0.0059293896279239,,247,4.12,0.006939509486393954,Poor
1,2020-01-12,23584159,00:04:07,640118,116.52,11.14,14501.59,2284581863,8502485,0.0055428662942782,2.16,247,4.12,0.0064899340700997595,Poor
2,2020-01-19,22004022,00:04:07,592715,114.5,10.52,14626.62,2306585885,8536567,0.0058180490821178,-6.7,247,4.12,0.006812380773972261,Poor
3,2020-01-26,20245042,00:04:15,602685,118.05,10.13,14754.79,2326830927,8571523,0.0064833809680414,-7.99,255,4.25,0.007587645755883881,Poor
4,2020-02-02,22356460,00:04:11,617337,120.69,10.94,14886.42,2349187387,8615640,0.0060290904731786,10.43,251,4.18,0.007058651189048919,Poor
5,2020-02-09,21393239,00:04:12,618210,121.23,10.85,15018.51,2370580626,8654392,0.0063220870855507,-4.31,252,4.2,0.007400012780554588,Poor
6,2020-02-16,21011376,00:04:14,612385,120.84,10.62,15149.96,2391592002,8694067,0.0064067693615115,-1.78,254,4.23,0.00749880705833089,Poor
7,2020-02-23,22624158,00:04:13,596994,122.66,11.11,15283.73,2414216160,8739567,0.006054611181552,7.68,253,4.22,0.007090056350377865,Poor
8,2020-03-01,22771143,00:04:14,609346,123.4,10.53,15418.32,2436987303,8783301,0.0060227244631505,0.65,254,4.23,0.007052255487372445,Poor
9,2020-03-08,22365295,00:04:13,601616,120.74,11.2,15549.59,2459352598,8822702,0.0060409022103218,-1.78,253,4.22,0.007073366671599896,Poor
10,2020-03-15,20527249,00:04:23,550203,121.56,10.65,15681.81,2479879847,8853950,0.0065952841513249,-8.22,263,4.38,0.007722629501889434,Poor
11,2020-03-22,7590442,00:05:18,357837,58.84,4.62,15745.26,2487470289,8865469,0.0085611667937124,-63.02,318,5.3,0.009988859898690368,Poor
12,2020-03-29,4738574,00:06:13,269303,92.16,6.85,15844.27,2492208863,8872365,0.0213959389470334,-37.57,373,6.22,0.024921747934492675,Poor
13,2020-04-05,4589253,00:06:20,254145,92.44,6.93,15943.64,2496798116,8879407,0.022172427626021,-3.15,380,6.33,0.02583275475815253,Poor
14,2020-04-12,4445147,00:06:24,243298,94.8,7.37,16045.8,2501305588,8886409,0.0235362475076752,-3.14,384,6.4,0.027424811225201365,Fair
15,2020-04-19,4507472,00:06:19,243055,88.74,6.93,16141.47,2505750735,8893373,0.0217341516486402,1.4,379,6.32,0.025328569379238677,Poor
16,2020-04-26,4461598,00:06:21,242168,89.45,7.08,16238.0,2510212333,8900552,0.0221550036556408,-1.02,381,6.35,0.025817417396867617,Poor
17,2020-05-03,4833406,00:05:57,255054,87.91,6.9,16332.8,2515045739,8908590,0.0200863407708766,8.33,357,5.95,0.023412963495476304,Poor
18,2020-05-10,4888953,00:06:00,254860,88.18,6.84,16427.82,2519934692,8916603,0.0199021099200585,1.15,360,6.0,0.02320081406080665,Poor
19,2020-05-17,5169365,00:05:50,262307,86.68,6.93,16521.43,2525104057,8925582,0.0185432137216079,5.74,350,5.83,0.021621930341244416,Poor
20,2020-05-24,5272603,00:05:44,268006,83.89,6.45,16611.78,2530376660,8935352,0.0175450645535042,2.0,344,5.73,0.02045774670897339,Poor
21,2020-05-31,5633095,00:05:30,280269,81.22,6.77,16699.77,2536009755,8946391,0.0159950719808559,6.84,330,5.5,0.018653947890168943,Poor
22,2020-06-07,8168000,00:05:15,320719,104.97,9.17,16813.91,2544177755,8955241,0.0143094221351616,45.0,315,5.25,0.016718767076868278,Poor
23,2020-06-14,6163299,00:05:05,293302,77.93,6.55,16898.4,2550341054,8964884,0.0140359116116222,-24.54,305,5.08,0.016375317825097453,Poor
24,2020-06-21,6389732,00:05:04,302763,82.46,6.94,16987.8,2556730786,8974670,0.0143269858579358,3.67,304,5.07,0.01671550808918381,Poor
25,2020-06-28,6724902,00:04:59,313709,79.52,6.95,17074.26,2563455688,8983785,0.0131667762593417,5.25,299,4.98,0.015363847491552491,Poor
26,2020-07-05,6927619,00:04:45,320317,74.27,6.33,17154.87,2570383307,8993007,0.0119138191635538,3.01,285,4.75,0.013902816559125335,Poor
27,2020-07-12,6798038,00:04:42,321109,69.56,6.13,17230.57,2577181345,8999948,0.0114013131435864,-1.87,282,4.7,0.01330242477615609,Poor
28,2020-07-19,6441690,00:04:39,336224,72.29,6.56,17309.42,2590475174,9012106,0.0125343504577215,-5.24,279,4.65,0.014611707937180791,Poor
29,2020-07-26,6852139,00:04:48,326115,79.36,6.25,17395.02,2584033484,9023383,0.0127937626484226,6.37,288,4.8,0.014926124023566297,Poor
30,2020-08-02,6446406,00:04:47,333403,65.66,6.06,17466.75,2596921580,9034477,0.0113925930200486,-5.92,287,4.78,0.013281828443308491,Poor
31,2020-08-09,6389489,00:04:49,331488,70.0,6.35,17543.09,2603311069,9037870,0.0122360958755856,-0.88,289,4.82,0.01426480788436139,Poor
32,2020-08-16,6351869,00:04:46,324810,75.13,6.7,17624.92,2609662938,9059026,0.0131920100997045,-0.59,286,4.77,0.015381211476321363,Poor
33,2020-08-23,6676620,00:04:45,333338,77.1,7.06,17709.09,2616339558,9048666,0.0129077047967384,5.11,285,4.75,0.015052911396194708,Poor
34,2020-08-30,6687770,00:04:44,332705,76.45,7.09,17792.63,2623027328,9084170,0.0127912532877177,0.17,284,4.73,0.01491757033654269,Poor
35,2020-09-06,6834866,00:04:43,340704,75.06,7.08,17874.77,2629862194,9072014,0.0123062193172477,2.2,283,4.72,0.014351657913878036,Poor
36,2020-09-13,6204376,00:05:43,340440,75.5,7.13,17957.39,2636066570,9095367,0.0136376518766754,-9.22,343,5.72,0.01589042758829576,Poor
37,2020-09-20,6392008,00:05:56,374923,78.78,6.85,18044.12,2642458578,9108566,0.0137179302654189,3.02,356,5.93,0.015973402776901728,Poor
38,2020-09-27,6442356,00:05:56,402303,73.72,7.95,18124.68,2648900934,9123892,0.0129812882119522,0.79,356,5.93,0.015105639899211178,Poor
39,2020-10-04,6285801,00:05:51,384666,69.92,6.22,18200.82,2655181307,9138404,0.0124037270667652,-2.43,351,5.85,0.014436713711634516,Poor
40,2020-10-11,6280373,00:05:51,373292,68.53,5.76,18275.11,2661467108,9152562,0.0121128092232738,-0.09,351,5.85,0.014102442761525323,Poor
41,2020-10-18,5874135,00:05:52,359705,65.2,6.26,18346.57,2667341243,9164578,0.0124571600754834,-6.47,352,5.87,0.014498804778034667,Poor
42,2020-10-25,6274887,00:05:51,368374,71.23,7.19,18424.99,2673616130,9178012,0.0127973746778228,6.82,351,5.85,0.014901358392500912,Poor
43,2020-11-01,5978116,00:05:46,368236,71.69,7.82,18504.5,2679594246,9189753,0.013619381089293,-4.73,346,5.77,0.01585050443539485,Poor
44,2020-11-08,6333555,00:05:40,417195,74.61,6.71,18585.82,2685927801,9205391,0.0131476998305059,5.95,340,5.67,0.015290146106361228,Poor
45,2020-11-15,6053652,00:05:43,390323,71.36,7.33,18664.51,2691981453,9219907,0.0133107354040172,-4.42,343,5.72,0.015483511998826551,Poor
46,2020-11-22,5932215,00:05:45,380393,72.73,6.77,18744.02,2697913668,9233024,0.0137230359992009,-2.01,345,5.75,0.015964100540653302,Poor
47,2020-11-29,4988340,00:05:47,374868,62.95,6.55,18813.51,2702902008,9245113,0.0142668703416366,-15.91,347,5.78,0.016564877209309773,Poor
48,2020-12-06,5772250,00:05:43,376273,72.31,6.08,18891.9,2708674258,9257319,0.0139064247044046,15.71,343,5.72,0.016174436905848993,Poor
49,2020-12-13,5970896,00:05:45,376212,70.82,6.83,18969.55,2714645154,9274071,0.0133168623268601,3.44,345,5.75,0.015494612363240562,Poor
50,2020-12-20,5179261,00:05:54,345424,65.52,5.53,19040.6,2719824415,9287019,0.0140474094663312,-13.26,354,5.9,0.016334120080249467,Poor
51,2020-12-27,5340185,00:05:47,356229,61.49,5.26,19107.34,2725164600,9302150,0.0127995565696694,3.11,347,5.78,0.014883099990863548,Poor
52,2021-01-03,5257965,00:05:52,348002,59.99,5.73,19173.06,2730422565,9317463,0.0127991114433055,-1.54,352,5.87,0.014883936377734452,Poor
53,2021-01-10,5546857,00:05:48,347334,63.43,5.53,19242.02,2735969422,9331406,0.0127306400723869,5.49,348,5.8,0.014813530192308,Poor
54,2021-01-17,5489486,00:05:57,349506,70.73,5.98,19318.74,2741458908,9345447,0.0143093615686423,-1.03,357,5.95,0.016647498807351252,Poor
55,2021-01-24,5380109,00:05:57,345502,66.73,6.22,19391.69,2746839017,9358336,0.0138846257575822,-1.99,357,5.95,0.0161518108661798,Poor
56,2021-01-31,5162302,00:06:05,339770,69.18,8.25,19469.12,2752001319,9369957,0.0153591014241321,-4.05,365,6.08,0.017862065705949972,Poor
57,2021-02-07,4740848,00:06:07,317993,63.78,7.18,19540.07,2756742167,9380112,0.0153270132263257,-8.16,367,6.12,0.017820838779230422,Poor
58,2021-02-14,5301324,00:06:05,343617,66.74,7.06,19613.87,2762043491,9392503,0.0142551558818136,11.82,365,6.08,0.016581111399306746,Poor
59,2021-02-21,4788654,00:06:07,361003,57.58,4.66,19676.12,2766832145,9401011,0.0133093265873876,-9.67,367,6.12,0.015452457722607215,Poor
60,2021-02-28,5090012,00:05:59,396149,60.81,6.15,19743.08,2771922157,9413643,0.0134708994792153,6.29,359,5.98,0.01563340047260873,Poor
61,2021-03-07,5713874,00:05:57,358961,67.11,6.67,19816.86,2777636031,9427974,0.0132223286687805,12.26,357,5.95,0.015385115868011464,Poor
62,2021-03-14,6188833,00:05:50,365769,65.22,6.56,19888.64,2783824864,9444023,0.0118766688323953,8.31,350,5.83,0.01382832671736665,Poor
63,2021-03-21,5983309,00:05:57,353954,61.45,6.2,19956.28,2789808173,9457963,0.0115778075309164,-3.32,357,5.95,0.013480223878400576,Poor
64,2021-03-28,5838725,00:05:51,365168,59.03,6.35,20021.66,2795646898,9471009,0.0114663937760384,-2.42,351,5.85,0.013342613962442827,Poor
65,2021-04-04,5648212,00:05:49,363226,63.21,6.72,20091.59,2801295110,9483600,0.0126780510363279,-3.26,349,5.82,0.014747986706358306,Poor
66,2021-04-11,6221739,00:05:47,370636,65.31,6.53,20163.43,2807516849,9500218,0.0118237296678629,10.15,347,5.78,0.01376555904624479,Poor
67,2021-04-18,6214652,00:05:43,372583,61.77,5.43,20230.63,2813731501,9516230,0.0110726714866737,-0.11,343,5.72,0.01289029524740141,Poor
68,2021-04-25,6518892,00:05:42,377528,68.87,7.64,20307.14,2820250393,9532396,0.0120183368584722,4.9,342,5.7,0.013996179922444401,Poor
69,2021-05-02,6758954,00:05:36,386712,64.87,6.5,20378.51,2827009347,9549230,0.0108127500201954,3.68,336,5.6,0.012593726989200997,Poor
70,2021-05-09,5605557,00:05:35,379065,55.56,6.62,20440.69,2832614904,9564366,0.011358785576527,-17.06,335,5.58,0.013205687293750318,Poor
71,2021-05-16,7057845,00:05:32,402584,63.66,7.32,20511.67,2839672749,9582801,0.0102982595962365,25.91,332,5.53,0.011994859326199625,Poor
72,2021-05-23,5556566,00:04:23,385352,45.6,4.85,20562.12,2845229315,9599681,0.0092972530156215,-21.27,263,4.38,0.01080570059440264,Poor
73,2021-05-30,6765640,00:04:53,395566,56.93,6.55,20625.6,2851994955,9617639,0.0096078892758113,21.76,293,4.88,0.011187965210203855,Poor
74,2021-06-06,7525005,00:04:15,415191,63.79,6.29,20695.68,2859519960,9637921,0.0095364614375671,11.22,255,4.25,0.011111179754151287,Poor
75,2021-06-13,7944214,00:04:09,423948,64.06,6.38,20766.13,2867464174,9657913,0.0090796345617074,5.57,249,4.15,0.010582264910164193,Poor
76,2021-06-20,7943219,00:04:55,429850,60.32,5.58,20832.02,2875407393,9680498,0.0084954978579842,-0.01,295,4.92,0.009900159159477052,Poor
77,2021-06-27,7512627,00:05:28,453555,53.0,5.13,20890.14,2882920020,9699767,0.0079233429265155,-5.42,328,5.47,0.00922331521708983,Poor
78,2021-07-04,7430943,00:05:17,417960,50.68,4.57,20945.39,2890350963,9718278,0.0076135693679792,-1.09,317,5.28,0.00886910792718769,Poor
79,2021-07-11,7812188,00:04:51,423095,54.62,5.24,21005.25,2898163151,9741563,0.0078462832691686,5.13,291,4.85,0.009143533532924391,Poor
80,2021-07-18,8543783,00:04:33,499009,55.54,5.58,21066.37,2906697934,9765548,0.0073254294965122,9.36,273,4.55,0.008530231610672652,Poor
81,2021-07-25,7047559,00:04:39,475745,53.57,5.51,21125.45,2913745493,9788767,0.0085842374643475,-17.51,279,4.65,0.009980212270411551,Poor
82,2021-08-01,7644607,00:04:21,402898,50.8,5.14,21181.39,2921390100,9809524,0.0074931988001476,8.47,261,4.35,0.00873429358340271,Poor
83,2021-08-08,7765908,00:04:06,410928,67.07,6.56,21255.02,2929156008,9830942,0.0097087320632693,1.59,246,4.1,0.011316367439375948,Poor
84,2021-08-15,7894787,00:04:17,435251,51.54,6.55,21313.12,2937050795,9848073,0.0075346123967625,1.66,257,4.28,0.008778839859155223,Poor
85,2021-08-22,9208116,00:03:34,430609,50.27,5.04,21368.42,2946258911,9870612,0.0061508173876176,16.64,214,3.57,0.0071770274509441664,Poor
86,2021-08-29,8777860,00:03:43,438745,48.16,4.51,21421.1,2955036771,9892788,0.0061443313062637,-4.67,223,3.72,0.0071654220737757445,Poor
87,2021-09-05,7957774,00:04:05,441150,49.6,4.65,21475.35,2962994545,9915482,0.0069808466538506,-9.34,245,4.08,0.008133194648934179,Poor
88,2021-09-12,8393949,00:04:07,450115,50.49,6.39,21532.23,2971388494,9940897,0.0069389413731248,5.48,247,4.12,0.008086933670577697,Poor
89,2021-09-19,8783401,00:04:03,463737,52.21,5.42,21589.86,2980171895,9967568,0.0067187095294863,4.64,243,4.05,0.007831398129646222,Poor
90,2021-09-26,9730824,00:03:56,479825,59.4,5.75,21655.01,2989902719,9996238,0.00685590449483,10.79,236,3.93,0.00799618931602908,Poor
91,2021-10-04,4136082,00:20:17,228355,89.97,15.57,22280.49,2936893666,10023338,0.0261293078812267,-57.5,1217,20.28,0.030443748081912594,Fair
92,2021-10-10,4058686,00:20:28,228253,92.45,15.95,22388.89,2940952352,10048619,0.0273491469899371,-1.87,1228,20.47,0.03185928341955857,Fair
93,2021-10-17,4054532,00:20:58,230096,92.83,16.21,22497.93,2945006884,10074139,0.0275388034919936,-0.1,1258,20.97,0.0320773453369342,Fair
94,2021-10-24,4128091,00:20:49,229724,98.83,17.8,22731.19,2953263066,10120947,0.0289308351002921,1.81,1249,20.82,0.03370527708500234,Fair
95,2021-10-31,4083027,00:20:44,228907,97.02,17.02,22842.63,2957301029,10143363,0.0286005848112197,-1.09,1244,20.73,0.03331811467858367,Fair
96,2021-11-07,4076435,00:20:53,230943,98.59,18.25,22961.86,2961361039,10166503,0.0293501944713947,-0.16,1253,20.88,0.034187843495300275,Fair
97,2021-11-14,4154634,00:21:04,234881,105.43,19.07,22969.34,2961429568,10170958,0.0306857354943901,1.92,1264,21.07,0.035744255136733176,Fair
98,2021-11-21,4237874,00:21:04,238560,100.66,17.75,23087.39,2965657060,10198305,0.0286114783025639,2.0,1264,21.07,0.033329469464195884,Fair
99,2021-11-28,3775898,00:21:18,234001,89.91,15.08,23192.83,2969423283,10226863,0.0284726335298252,-10.9,1278,21.3,0.03313484384403326,Fair
100,2021-12-05,4273933,00:21:16,243546,105.39,17.2,23315.14,2973686567,10258670,0.0293715788244691,13.19,1276,21.27,0.03421077478059308,Fair
101,2021-12-12,4401032,00:21:25,243384,105.25,17.8,23437.87,2978074813,10289652,0.0286303757845887,2.97,1285,21.42,0.033357258175020985,Fair
102,2021-12-19,4280458,00:21:35,238392,107.81,17.33,23562.68,2982343734,10318906,0.0299368338621708,-2.74,1295,21.58,0.034877026323462575,Fair
103,2021-12-26,3718831,00:21:54,226217,93.79,16.58,23672.77,2986050555,10351030,0.0303909696353504,-13.12,1314,21.9,0.03537434784746588,Fair
104,2022-01-02,3866501,00:22:11,228609,95.01,18.04,23785.43,2989904252,10392618,0.0299400413966012,3.97,1331,22.18,0.0348598531710809,Fair
105,2022-01-09,3477266,00:22:09,217029,88.87,14.91,23888.92,2993372440,10414111,0.0305615733740243,-10.07,1329,22.15,0.0355630938704878,Fair
106,2022-01-16,3345285,00:22:18,206094,91.86,14.67,23995.19,2996708593,10431711,0.0326090960859837,-3.8,1338,22.3,0.03795104335196031,Fair
107,2022-01-23,3372595,00:22:10,206728,98.68,14.62,24108.14,3000070573,10449897,0.034400572852655,0.82,1330,22.17,0.04003816869564759,Fair
108,2022-01-30,3357235,00:22:16,204380,98.56,14.63,24221.09,3003418699,10466807,0.0345244107129825,-0.46,1336,22.27,0.04018524035281615,Fair
109,2022-02-06,3478457,00:21:59,211075,94.43,14.54,24330.07,3006897156,10486128,0.032078959147691,3.61,1319,21.98,0.03734010112671887,Fair
110,2022-02-13,3818432,00:21:49,219243,97.87,16.2,24444.14,3010715588,10509510,0.0305904832140522,9.77,1309,21.82,0.03562780801223125,Fair
111,2022-02-20,3828421,00:22:01,218063,98.7,15.48,24557.28,3014508154,10530559,0.0305400895042629,0.26,1321,22.02,0.035571962397143324,Fair
112,2022-02-27,3702101,00:22:15,217733,102.56,15.5,24674.42,3018169953,10557298,0.0326553597538262,-3.3,1335,22.25,0.03802343163075778,Fair
113,2022-03-06,4022287,00:21:59,226351,102.97,15.88,24792.04,3022149044,10583572,0.0302570154740325,8.65,1319,21.98,0.035246465243123706,Fair
114,2022-03-13,3894963,00:22:04,222794,101.75,16.29,24909.12,3026011170,10608217,0.031033147169819,-3.17,1324,22.07,0.03614473226004916,Fair
115,2022-03-20,4241789,00:22:12,232342,109.1,18.57,25035.7,3030214659,10641759,0.0308205052160774,8.9,1332,22.2,0.035912286380516696,Fair
116,2022-03-27,4164598,00:22:11,232452,106.1,17.65,25158.54,3034343235,10671938,0.0304279068471914,-1.82,1331,22.18,0.03544837395550452,Fair
117,2022-04-03,4083721,00:22:10,231675,105.11,17.03,25279.69,3038391499,100700585,0.0306268131441888,-1.94,1330,22.17,0.03567439373371983,Fair
118,2022-04-10,4279006,00:22:11,238727,110.42,18.56,25407.67,3042629988,10736221,0.0308659347521363,4.78,1331,22.18,0.03595883722415314,Fair
119,2022-04-17,4786945,00:22:16,258440,119.1,21.31,25546.79,3047374001,10785837,0.0300358245185603,11.87,1336,22.27,0.03500277925249215,Fair
120,2022-04-24,4353342,00:22:17,246063,115.45,19.35,25680.37,3051714883,10824042,0.0317078694942873,-9.06,1337,22.28,0.03693496406709623,Fair
121,2022-05-01,2659102,00:21:46,206636,66.64,11.28,25758.28,3054372740,10843270,0.0300064006570639,-38.92,1306,21.77,0.03482409311566472,Fair
122,2022-05-08,1651913,00:24:30,90637,68.2,10.47,25837.26,3056046274,10977991,0.0487665391579338,-37.88,1470,24.5,0.05682221389587349,Excellent
123,2022-05-15,2079612,00:24:11,110110,79.56,12.13,25928.95,3058125643,11030871,0.0451481141674504,25.89,1451,24.18,0.052623730464978806,Excellent
124,2022-05-22,2412784,00:23:59,129313,81.45,12.83,26023.28,3060565255,11083833,0.0400129974336699,16.02,1439,23.98,0.04663306240725365,Excellent
125,2022-05-30,2511017,00:24:12,143516,84.83,14.44,26122.55,3063076272,11136057,0.0404825933078111,4.07,1452,24.2,0.04715101084500135,Excellent
126,2022-06-06,2684974,00:24:00,152767,87.06,14.58,26224.19,3065761246,11185835,0.038763637934669,6.93,1440,24.0,0.04515093521640383,Excellent
127,2022-06-13,2939275,00:24:03,158366,89.12,14.94,26328.25,3068700521,11232063,0.0362529671432581,9.47,1443,24.05,0.042248843060233826,Good
128,2022-06-19,3065038,00:23:12,164308,91.16,14.82,26434.23,3071765559,11276221,0.0354069084950985,4.28,1392,23.2,0.041264817655689116,Good
129,2022-06-26,3118333,00:23:21,170532,95.95,16.0,26546.18,3074883892,11321069,0.0367622059606847,1.74,1401,23.35,0.04283625714331996,Good
130,2022-07-03,3158528,00:23:21,177501,97.55,15.38,26659.11,3078042420,11367127,0.0366120927216728,1.29,1401,23.35,0.04265008152047784,Good
131,2022-07-10,3249717,00:23:27,183451,98.1,16.35,26773.56,3081292137,11414846,0.0360636941616762,2.89,1407,23.45,0.04200937773845803,Good
132,2022-07-17,3296880,00:23:17,189892,96.61,16.11,26886.29,3084589017,11462723,0.0350104583727645,1.45,1397,23.28,0.04077433353687775,Good
133,2022-07-24,3381214,00:23:13,192633,99.32,16.23,27001.85,3087970231,11508417,0.0349942949485007,2.56,1393,23.22,0.040759966101109296,Good
134,2022-07-31,3562922,00:23:15,199934,102.04,17.68,27121.57,3091505431,11557432,0.0344080729244142,5.37,1395,23.25,0.040083155199825485,Fair
135,2022-08-07,3668886,00:23:14,208261,106.21,18.23,27244.46,3095068353,11606145,0.0347316760455353,2.97,1394,23.23,0.040455544329947475,Fair
136,2022-08-14,3752859,00:23:40,214463,112.34,19.64,27368.9,3098737239,11655953,0.0360118832069097,2.29,1420,23.67,0.041943929976590424,Good
137,2022-08-21,3296456,00:23:14,219238,96.87,15.99,27613.74,3105786554,11763607,0.0350584506512448,-12.16,1394,23.23,0.040766774303458285,Good
138,2022-08-28,4047052,00:23:12,226977,116.79,19.69,27750.22,3109833606,11819266,0.0345326721771798,22.77,1392,23.2,0.04022852063551645,Fair
139,2022-09-04,4055208,00:23:15,231135,119.57,20.07,27889.86,3113888814,11873405,0.0352611653952152,0.2,1395,23.25,0.041070623034908646,Good
140,2022-09-11,4250937,00:22:55,231406,124.06,20.4,28034.31,3118139751,11922607,0.0347986902652285,4.83,1375,22.92,0.040550093738160924,Good
141,2022-09-18,4220300,00:22:52,230698,120.28,20.17,28174.77,3122360051,11970026,0.0340783356633414,-0.72,1372,22.87,0.03970910303344991,Fair
142,2022-09-25,4053315,00:22:55,227490,118.95,18.66,28312.39,3126413366,12012523,0.034764788821002,-3.96,1375,22.92,0.040498640406703236,Fair
143,2022-10-02,4007644,00:22:47,229566,109.52,19.03,28440.93,3130421010,12056612,0.0328460312343112,-1.13,1367,22.78,0.03825567855548917,Fair
144,2022-10-09,4224905,00:22:57,237243,119.5,19.86,28440.39,3130421033,12102179,0.0337770056368131,5.42,1377,22.95,0.03934773990980424,Fair
145,2022-10-16,4184761,00:23:10,238359,119.74,20.09,28440.39,3130421312,12102179,0.0342160328869438,-0.95,1390,23.17,0.039853566049461074,Fair
146,2022-10-23,4205425,00:23:10,238476,120.37,20.21,28440.39,3130421661,12197462,0.0342305284245944,0.49,1390,23.17,0.03987220578959962,Fair
147,2022-10-30,4331459,00:23:04,245251,123.4,21.25,28440.39,3130421677,12248067,0.0341966990799174,3.0,1384,23.07,0.03983339858317047,Fair
148,2022-11-06,4555980,00:23:00,250342,124.21,22.4,28440.39,3130421677,12248067,0.0329519971553869,5.18,1380,23.0,0.03839475283496017,Fair
149,2022-11-13,4243050,00:23:06,238843,123.01,19.96,28440.39,3130421753,12287309,0.0345037838347415,-6.87,1386,23.1,0.04019342146240481,Fair
150,2022-11-20,4033075,00:22:52,230120,120.24,17.1,28440.39,3130421840,12320340,0.0348707028755974,-4.95,1372,22.87,0.04061539607843081,Good
151,2022-11-27,3735131,00:23:20,227900,121.24,19.13,28580.39,3134153334,12357806,0.0384829554840245,-7.39,1400,23.33,0.04479177435377336,Excellent
152,2022-12-04,4110764,00:23:02,235463,124.02,19.4,28580.39,3134153450,12396241,0.0357262251007355,10.06,1382,23.03,0.04161024965555369,Good
153,2022-12-11,4254462,00:22:57,238796,122.44,19.64,28721.39,3138403003,12436231,0.034197019505639,3.5,1377,22.95,0.039837199958895016,Fair
154,2022-12-18,3933744,00:23:02,229497,118.5,17.38,28856.39,3142331004,12469435,0.0353711680272025,-7.54,1382,23.03,0.041189080766078176,Good
155,2022-12-25,3723756,00:23:13,224668,108.69,16.82,28856.39,3142333488,12506835,0.0345141410983963,-5.34,1393,23.22,0.04017710127704185,Fair
156,2023-01-01,3988549,00:23:21,239421,114.15,20.61,28856.39,3142336727,12566911,0.034597604291686,7.11,1401,23.35,0.040276415149024,Fair
157,2023-01-08,4032283,00:23:12,238876,118.1,19.35,28856.39,3142339574,12606982,0.0349054865444712,1.1,1392,23.2,0.04064041231298628,Good
158,2023-01-15,3762205,00:23:28,215395,122.75,18.01,28856.39,3142339692,12635792,0.0383121706552407,-6.7,1408,23.47,0.04462230706088369,Good
159,2023-01-22,3783569,00:23:10,217628,126.16,18.45,28998.39,3146115890,12666334,0.0391378193446452,0.57,1390,23.17,0.045581817230662,Excellent
160,2023-01-29,3886575,00:23:03,220655,124.52,18.13,29140.39,3149994749,12696431,0.0375841454236699,2.72,1383,23.05,0.043778034919067926,Good
161,2023-02-05,3867097,00:23:08,222511,121.06,17.31,29278.39,3153853985,12725196,0.0366401153113045,-0.5,1388,23.13,0.04267271764795489,Good
162,2023-02-12,4246577,00:23:16,232553,130.73,19.72,29278.39,3153854130,12759912,0.0362788193879446,9.81,1396,23.27,0.04227244462807713,Good
163,2023-02-19,4423464,00:23:19,245812,135.39,19.9,29433.39,3158266656,12802542,0.0359485145578216,4.17,1399,23.32,0.04188165863809789,Good
164,2023-02-26,4130936,00:23:30,240235,133.03,19.59,29433.39,3158269897,12840483,0.037832316937372,-6.61,1410,23.5,0.04405647136071337,Good
165,2023-03-05,4276715,00:23:13,241670,134.06,20.75,29433.39,3158278054,12875580,0.0370671040740381,3.53,1393,23.22,0.04317778637411988,Good
166,2023-03-12,4330962,00:23:23,242470,132.97,19.89,29433.39,3158281476,12909978,0.0361417717357021,1.27,1403,23.38,0.04210375684545036,Good
167,2023-03-19,4349778,00:23:24,245401,132.73,20.34,29585.39,3162619556,12947711,0.0360348689059533,0.43,1404,23.4,0.04197605302848412,Good
168,2023-03-26,4460714,00:23:29,247628,135.88,21.25,29741.39,3167068565,12983936,0.0360707097563304,2.55,1409,23.48,0.04202443977097388,Good
169,2023-04-02,4518949,00:23:23,251609,135.96,20.55,29741.39,3167079218,13022610,0.0354653792286657,1.31,1403,23.38,0.04131799957100665,Good
170,2023-04-09,4793907,00:23:21,269188,137.93,23.12,29741.39,3167079427,13076380,0.0344010011041098,6.08,1401,23.35,0.04007465835523416,Fair
171,2023-04-16,4833247,00:23:30,266777,143.66,22.95,29907.39,3171895538,13122959,0.0352989698229782,0.82,1410,23.5,0.0411275960028219,Good
172,2023-04-23,4831826,00:23:10,267777,141.36,21.21,32570.61,3249086906,13168612,0.0344531611858539,-0.03,1390,23.17,0.04014056022823875,Fair
173,2023-04-30,4802629,00:22:56,266526,138.95,21.37,32730.93,3253889535,13209532,0.0341828777529973,-0.6,1376,22.93,0.03982512744881934,Fair
174,2023-05-07,4978576,00:22:51,274295,137.85,23.54,32892.32,3258868110,13263303,0.0331949055312201,3.66,1371,22.85,0.03867678878295764,Fair
175,2023-05-14,5031061,00:23:16,273506,141.12,22.88,37199.73,3376584236,15542720,0.033379837771794,1.05,1396,23.27,0.038897234586033315,Fair
176,2023-05-21,4879811,00:23:30,274989,138.82,22.53,37361.08,3381464047,15591948,0.0338583604979783,-3.01,1410,23.5,0.039441141325353486,Fair
177,2023-05-28,4933894,00:23:39,278184,140.57,23.3,37524.96,3386397941,15641105,0.0340102320803811,1.11,1419,23.65,0.03961784779381602,Fair
178,2023-06-04,5098548,00:22:23,278023,142.29,23.75,37691.01,3391496489,15689292,0.0333477217435238,3.34,1343,22.38,0.03885868012899416,Fair
179,2023-06-11,4875135,00:23:45,276512,148.58,24.08,33720.25,3283686558,13503027,0.0362664500572804,-4.38,1425,23.75,0.04224358702577094,Good
180,2023-06-18,4970213,00:23:28,277625,149.11,23.4,33892.76,3288656771,13551199,0.0355417846277413,1.95,1408,23.47,0.04140571763312536,Good
181,2023-06-25,4930763,00:23:35,277975,146.3,23.36,34062.43,3293587534,13597643,0.0352342710448666,-0.79,1415,23.58,0.041043753836663234,Good
182,2023-07-02,4984429,00:23:31,284276,148.73,23.01,34234.18,3298571963,13648039,0.0352822279141703,1.09,1411,23.52,0.041094899139098987,Good
183,2023-07-09,4786929,00:23:28,279872,142.69,25.14,34402.01,3303358892,13698385,0.0359014975989825,-3.96,1408,23.47,0.041805725111089306,Good
184,2023-07-16,4883904,00:23:27,283135,145.95,23.63,34571.59,3308242796,13748183,0.0355555555555555,2.03,1407,23.45,0.041406454757799964,Good
185,2023-07-23,3839117,00:25:23,271599,137.78,20.73,34730.11,3312081913,13790916,0.0422790553140214,-21.39,1523,25.38,0.04912674505332085,Excellent
186,2023-07-30,4415252,00:24:05,277793,138.19,22.24,34890.54,3316497161,13840587,0.0372074617711514,15.01,1445,24.08,0.043292806842210825,Good
187,2023-08-06,5239199,00:23:38,292911,158.76,25.99,35075.29,3321736360,13897652,0.0361093365607987,18.66,1418,23.63,0.04206654200101315,Good
188,2023-08-13,5197777,00:23:29,295216,156.91,24.63,35256.84,3326934137,13954001,0.0357647047959156,-0.79,1409,23.48,0.04165858234556825,Good
189,2023-08-20,5252529,00:23:28,297266,154.14,24.64,35435.62,3332186666,14011451,0.0348538237485218,1.05,1408,23.47,0.040599022954990266,Good
190,2023-08-27,5226917,00:23:31,297622,157.92,25.13,35618.66,3337413583,14068286,0.0358611395589407,-0.49,1411,23.52,0.041769860665330324,Good
191,2023-09-03,5353246,00:23:30,300441,159.52,26.44,35804.62,3342766829,14124513,0.035571509323502,2.42,1410,23.5,0.04143842484272468,Good
192,2023-09-10,5223012,00:23:27,298211,154.63,24.35,35983.61,3347989840,14175490,0.0350900055370349,-2.43,1407,23.45,0.04087056019781584,Good
193,2023-09-17,5513829,00:23:19,302708,159.74,25.77,36169.11,3353503602,14227398,0.03445196432461,5.57,1399,23.32,0.04014281129095602,Fair
194,2023-09-24,5217859,00:23:30,301045,156.13,23.71,36348.95,3358721461,14276403,0.0352934335711256,-5.37,1410,23.5,0.041103194717343694,Good
195,2023-10-01,4919711,00:23:28,295434,149.41,22.87,36521.23,3363641172,14321530,0.0358587567440445,-5.71,1408,23.47,0.041744396794047005,Good
196,2023-10-08,5423843,00:23:34,306410,158.28,25.45,36704.96,3369065015,14372769,0.0346874937198587,10.25,1414,23.57,0.0404059934306697,Fair
197,2023-10-15,5271828,00:23:39,306576,155.58,25.57,36886.11,3374336843,14420604,0.0351865804423057,-2.8,1419,23.65,0.040975470021229324,Good
198,2023-10-22,5398708,00:23:19,308183,151.82,24.81,37062.73,3379735451,14469804,0.0335022972162969,2.41,1399,23.32,0.03902137572539104,Fair
199,2023-10-29,5743315,00:23:14,319553,160.2,25.43,37248.36,3385478766,14525256,0.0330967603204769,6.38,1394,23.23,0.03855876931058603,Fair
200,2023-11-05,5632052,00:23:11,319096,154.96,25.13,37428.45,3391110818,14576282,0.0327433340459214,-1.94,1391,23.18,0.03814023122458925,Fair
201,2023-11-12,5302238,00:23:36,306918,159.72,24.33,37612.5,3396413056,14616604,0.0355448397450284,-5.86,1416,23.6,0.04139461534744583,Good
202,2023-11-19,5343473,00:23:32,304283,164.19,24.53,37801.22,3401756527,14655834,0.03616548263648,0.78,1412,23.53,0.042124315913274375,Good
203,2023-11-26,4691377,00:23:41,297100,146.81,22.41,37970.44,3406447904,14695544,0.0369361234452059,-12.2,1421,23.68,0.04297399845537294,Good
204,2023-12-03,5165412,00:23:38,307243,153.08,23.54,38147.06,3411613287,14737696,0.035013447136453,10.1,1418,23.63,0.04076440241728588,Good
205,2023-12-10,5297784,00:23:30,308622,157.81,25.27,38330.14,3416911071,14781104,0.0353872336055981,2.56,1410,23.5,0.04120840556523191,Good
206,2023-12-17,5171875,00:23:40,308622,154.4,24.68,38509.23,3422082946,14820681,0.0354567579456193,-2.38,1420,23.67,0.0412791406818098,Good
207,2023-12-24,4991847,00:23:38,302184,147.02,22.64,38678.9,3427074793,14865137,0.0348031179641523,-3.48,1418,23.63,0.04051206493203972,Fair
208,2023-12-31,4783389,00:24:04,305651,142.53,23.7,38845.12,3431858182,14926663,0.0355855482378706,-4.18,1444,24.07,0.041398533069415114,Good
209,2024-01-07,4835625,00:23:55,309282,141.8,22.95,39009.86,3436693802,14971258,0.0348877342639265,1.09,1435,23.92,0.04058630007160413,Good
210,2024-01-14,4699333,00:23:50,284171,150.41,22.13,39182.4,3441393135,15004872,0.0375970291954198,-2.82,1430,23.83,0.043764773596182784,Good
211,2024-01-21,4232226,00:24:05,273250,142.14,20.36,39344.91,3445625361,15032667,0.0393173710477654,-9.94,1445,24.08,0.04573464517006417,Excellent
212,2024-01-28,4710722,00:24:05,284729,155.97,23.18,39524.05,3450336083,15067447,0.0389429900554522,11.31,1445,24.08,0.04533175721631812,Excellent
213,2024-02-04,4978319,00:23:46,292959,160.57,22.62,39707.24,3455314402,15104079,0.0376807030646288,5.68,1426,23.77,0.04387461159649774,Good
214,2024-02-11,5260176,00:23:53,301753,164.97,24.31,39896.52,3460574578,15144057,0.0368471929456352,5.66,1433,23.88,0.042915193830111914,Good
215,2024-02-18,4959118,00:23:53,301700,154.98,24.43,40075.93,3465533696,15183349,0.0370460714990044,-5.72,1433,23.88,0.04312066927836001,Good
216,2024-02-25,4972753,00:24:13,305726,171.19,25.54,40272.66,3470506449,15229858,0.0405110649975979,0.27,1453,24.22,0.04714854061974106,Excellent
217,2024-03-03,5314141,00:23:45,310357,175.55,25.02,40473.23,3475820590,15268890,0.0386485191115553,6.87,1425,23.75,0.045005012957609065,Excellent
218,2024-03-10,5268013,00:23:36,311287,165.72,24.25,40663.19,3481088603,15308732,0.036926499611903,-0.87,1416,23.6,0.04299460796156644,Good
219,2024-03-17,2588382,00:23:51,270152,82.98,13.28,40759.45,3483676985,15339944,0.0380817978180964,-50.87,1431,23.85,0.04399185503297597,Good
220,2024-03-24,4753637,00:23:47,293347,154.76,22.53,41002.18,3489168600,15380193,0.0381907495250478,83.65,1427,23.78,0.044446273539827164,Good
221,2024-03-31,4495197,00:31:12,402345,170.21,27.09,41199.49,3493663797,15438718,0.0449446820684388,-5.44,1872,31.2,0.052053900306631665,Excellent
222,2024-04-07,4222665,00:34:08,132672,209.27,30.5,41439.26,3497886462,15513068,0.0581444372215176,-6.06,2048,34.13,0.06802803655985848,Excellent
223,2024-04-14,5298115,00:33:34,156854,245.6,36.02,41720.87,3503184577,15579249,0.0544304681948202,25.47,2014,33.57,0.06370302707741503,Excellent
224,2024-04-21,5985633,00:33:30,173620,190.68,31.27,41710.19,3508298274,15610750,0.0379703867577581,12.98,2010,33.5,0.04444354883409768,Good
225,2024-04-28,6322536,00:33:20,186472,198.45,34.26,41942.9,3514620810,15668785,0.0376897877687054,5.63,2000,33.33,0.04411134104525951,Good
226,2024-05-05,7011479,00:32:51,203323,206.64,34.93,42184.47,3521632289,15724268,0.0352803852083133,10.9,1971,32.85,0.04129501251999998,Good
227,2024-05-12,7303526,00:32:44,210096,213.62,35.2,42433.29,3528935815,15776187,0.0348861193894565,4.17,1964,32.73,0.04083519679385157,Good
228,2024-05-19,7426039,00:32:56,217966,220.02,35.57,42688.89,3536361854,15827505,0.0352441133153219,1.68,1976,32.93,0.041250000462975514,Good
229,2024-05-26,7998999,00:32:48,230549,236.58,38.41,42963.88,3544360853,15879980,0.0352031247909894,7.72,1968,32.8,0.04120585656606497,Good
230,2024-06-02,4033902,00:32:44,237971,122.67,19.85,42210.32,3522671513,15930092,0.0361784892146611,-49.57,1964,32.73,0.04212439306212894,Good
231,2024-06-09,4215837,00:32:51,246241,129.04,20.43,42359.79,3526887350,15980814,0.0363053125630805,4.51,1971,32.85,0.042276373180669444,Good
232,2024-06-19,4387957,00:33:01,255221,132.94,20.57,42513.31,3531275307,16021103,0.0358240155954126,4.08,1981,33.02,0.041717700625040044,Good
233,2024-06-23,4339333,00:32:58,259733,130.66,20.07,42664.03,3535614640,16069742,0.0355694112436173,-1.11,1978,32.97,0.04140897404700819,Good
234,2024-06-30,4568293,00:32:52,275603,135.38,21.59,42821.0,3540182933,16106817,0.0351854138952996,5.28,1972,32.87,0.040958543997735186,Good
235,2024-07-07,4454315,00:32:57,277826,132.12,20.73,42973.85,3544637248,16123196,0.0351386015582642,-2.49,1977,32.95,0.04088946573847954,Good
236,2024-07-14,4657016,00:32:51,285278,136.71,20.67,43131.22,3549294264,16140278,0.0346052321916008,4.55,1971,32.85,0.04027664018339444,Fair
237,2024-07-21,4769327,00:32:46,291552,140.09,21.22,43292.54,3554063591,16194713,0.0346341192373682,2.41,1966,32.77,0.040311155578216185,Fair
238,2024-07-28,4923464,00:32:48,300564,144.55,22.46,43459.55,3558987055,16252889,0.0347353489331901,3.23,1968,32.8,0.04042956679493214,Fair
239,2024-08-04,4878082,00:32:47,303152,147.61,21.84,43629.0,3563865137,16308454,0.0355707017635209,-0.92,1967,32.78,0.04139392164662676,Good
240,2024-08-11,4847343,00:32:36,305100,141.25,21.64,43791.9,3568712480,16364235,0.0344104718811934,-0.63,1956,32.6,0.04003818957029724,Fair
241,2024-08-18,4697428,00:32:45,307134,135.78,21.65,43949.33,3573409908,16420097,0.0343184227624138,-3.09,1965,32.75,0.03991407626250411,Fair
242,2024-08-25,5084157,00:32:44,311698,147.63,23.61,44120.57,3578494065,16478191,0.0344894463329909,8.23,1964,32.73,0.04014152775155183,Fair
243,2024-09-01,5125738,00:32:44,314601,153.02,23.42,44297.01,3583619803,16534631,0.0352484968993733,0.82,1964,32.73,0.04102447613512368,Good
244,2024-09-08,5152799,00:33:07,315923,153.85,24.42,44475.28,3588772602,16586963,0.035427052365132,0.53,1987,33.12,0.04123276397387861,Good
245,2024-09-15,5221695,00:32:48,317262,154.14,25.98,44655.39,3593994297,16640596,0.0353224154225782,1.34,1968,32.8,0.04111494527327118,Good
246,2024-09-22,4863331,00:32:28,317280,147.23,24.09,44826.71,3598857628,16686436,0.0360723298496442,-6.86,1948,32.47,0.04195501515052284,Good
247,2024-09-29,4841909,00:32:36,298721,143.1,21.99,44991.8,3603699537,16740373,0.0349143612570992,-0.44,1956,32.6,0.040633330567594106,Good
248,2024-10-06,5003913,00:32:39,307076,149.26,23.64,45164.71,3608703450,16795839,0.0353822298669061,3.35,1959,32.65,0.04118019184337526,Good
249,2024-10-13,5055925,00:32:43,307428,146.77,23.29,45334.77,3613759375,16849075,0.0344430425688672,1.04,1963,32.72,0.04009103448920481,Fair
250,2024-10-20,4926229,00:33:01,309401,141.32,22.88,45498.97,3618685604,16901386,0.0341317466159206,-2.57,1981,33.02,0.03971481431582098,Fair
251,2024-10-27,5202953,00:32:49,317084,150.59,24.56,45674.12,3623888557,16958460,0.0344715010879398,5.62,1969,32.82,0.040123195760587926,Fair
252,2024-11-03,5328440,00:33:02,323629,151.53,25.92,45851.57,3629216997,17015184,0.0341016882990143,2.41,1982,33.03,0.03969418520473196,Fair
253,2024-11-10,4939313,00:33:09,308463,146.73,22.65,46020.95,3634156310,17062427,0.0351152316121695,-7.3,1989,33.15,0.04086171284068042,Good
254,2024-11-17,4848714,00:32:29,303912,137.55,21.14,46179.64,3639005024,17108079,0.0335137440566715,-1.83,1949,32.48,0.03899659363535875,Fair
255,2024-11-24,4503162,00:32:56,299981,130.53,19.73,46329.9,3643508186,17152363,0.034168488719704,-7.13,1976,32.93,0.039731154472845885,Fair
256,2024-12-01,4142848,00:32:56,288939,121.96,19.31,46471.16,3647651034,17202448,0.034918123957239,-8.0,1976,32.93,0.040580687912191826,Good
257,2024-12-08,4239651,00:32:31,273264,115.31,18.56,46605.03,3651890685,17254588,0.0323335293400329,2.34,1951,32.52,0.0376116402343303,Fair
258,2024-12-15,4065111,00:32:14,259633,111.88,17.57,46734.48,3655955796,17304083,0.0326084084788828,-4.12,1934,32.23,0.03793526769520771,Fair
259,2024-12-22,3980505,00:32:15,255335,109.92,17.31,46861.71,3659936301,17355262,0.0327303997859568,-2.08,1935,32.25,0.03807534172411934,Fair
260,2024-12-29,3630688,00:33:06,251755,101.6,18.47,46981.78,3663566969,17417837,0.0338645678174494,-8.79,1986,33.1,0.03935904628907926,Fair
261,2025-01-05,3883340,00:32:29,259883,101.23,18.86,47101.87,3667450309,17476570,0.0316665962805214,6.96,1949,32.48,0.036819980301641575,Fair
262,2025-01-12,3565641,00:32:42,233480,98.49,14.96,47215.33,3671015950,17517613,0.0325811824577965,-8.18,1962,32.7,0.03789293545046567,Fair
263,2025-01-19,3607929,00:32:54,231960,103.62,15.54,47334.49,3674623879,17559425,0.0338199116446027,1.19,1974,32.9,0.03934177531815591,Fair
264,2025-01-26,3328676,00:33:13,224670,97.32,14.71,47446.52,3677952555,17597782,0.0344637687777362,-7.74,1993,33.22,0.04006835866792317,Fair
265,2025-02-02,3646989,00:32:43,234612,105.9,16.05,47568.48,3681599544,17641438,0.0342410684540041,9.56,1963,32.72,0.03983142721769219,Fair
266,2025-02-09,3701801,00:32:46,234979,107.45,16.44,47692.38,3685301345,17684156,0.0342707130934374,1.5,1966,32.77,0.039871848998124536,Fair
267,2025-02-16,3438016,00:32:19,224788,102.7,16.83,47811.91,3688739361,17724567,0.0356015562463932,-7.13,1939,32.32,0.04140642871297934,Good
268,2025-02-23,3494559,00:32:26,227521,102.23,15.85,47929.98,3692233920,17765470,0.0346006234263035,1.64,1946,32.43,0.040244229387266774,Fair
269,2025-03-02,3778483,00:31:58,230797,111.19,17.43,48058.6,3696012403,17817270,0.0348570788858915,8.12,1918,31.97,0.040571006626836874,Good
270,2025-03-09,3664637,00:32:04,229704,103.82,17.1,48179.52,3699677040,17862846,0.0337883615757849,-3.01,1924,32.07,0.03931612243048237,Fair
271,2025-03-16,3833467,00:32:06,234706,110.44,18.79,48308.74,3703510507,17912135,0.0345200623873897,4.61,1926,32.1,0.04017773761433298,Fair
272,2025-03-23,3752572,00:31:56,230544,106.07,18.37,48433.19,3707263079,17958624,0.0339571259392224,-2.11,1916,31.93,0.039521084445901175,Fair
273,2025-03-30,3730849,00:32:00,232304,107.62,18.12,48558.93,3710993928,18006762,0.0345116513694336,-0.58,1920,32.0,0.04016065477104387,Fair
274,2025-04-06,3863496,00:31:32,230965,112.18,18.99,48690.1,3714857424,18056253,0.0347659425556542,3.56,1892,31.53,0.04047412108965232,Fair
275,2025-04-13,3573337,00:31:52,229889,100.81,17.36,48808.26,3718430761,18105777,0.0338636070429405,-7.51,1912,31.87,0.0393923107078091,Fair
276,2025-04-20,3860293,00:32:15,239553,113.47,22.45,48944.18,3722291054,18169407,0.0360547968768173,8.03,1935,32.25,0.041957926939191155,Good
277,2025-04-27,4008773,00:32:09,243682,119.6,21.15,49084.94,3726299827,18228693,0.0359531457630551,3.85,1929,32.15,0.0418488991616704,Good
278,2025-05-04,4065430,00:32:12,241798,124.65,20.64,49230.23,3730365257,18286402,0.0365956270308429,1.41,1932,32.2,0.042606486605000646,Good
279,2025-05-11,3802487,00:31:54,234957,115.56,18.78,49364.57,3734167744,18339256,0.0361774175690804,-6.47,1914,31.9,0.0421025737159157,Good
280,2025-05-18,3736450,00:32:01,230447,113.97,18.21,49496.75,3737904194,18392080,0.0362248444379022,-1.74,1921,32.02,0.04215861424720887,Good
281,2025-05-25,3613108,00:32:05,227800,110.1,17.7,49624.54,3741517302,18443650,0.0362201185239965,-3.3,1925,32.08,0.04214301443095022,Good
282,2025-06-01,3684031,00:32:22,228949,116.39,19.21,49760.14,3745201333,18498997,0.037690888051702,1.96,1942,32.37,0.04386119554470293,Good
283,2025-06-08,3756262,00:32:22,228722,116.82,19.09,49896.05,3748957595,18553455,0.0370506210695633,1.96,1942,32.37,0.04312556261273559,Good
284,2025-06-15,3659894,00:32:11,219665,115.24,18.17,50029.47,3755752973,18607045,0.0373267203913555,-2.57,1931,32.18,0.043453542845018546,Good
285,2025-06-22,3135484,00:34:19,219665,108.69,17.4,50155.56,3752617489,18658952,0.0411790205276123,-14.33,2059,34.32,0.047854277611950866,Excellent
286,2025-06-29,2823529,00:33:54,209914,99.18,15.32,50270.06,3758576502,18713093,0.0415253393891119,-9.95,2034,33.9,0.04822070282718999,Excellent
287,2025-07-06,2729515,00:34:02,204336,96.9,15.24,50382.21,3761306017,18766286,0.0420702432483426,-3.33,2042,34.03,0.0488490647076111,Excellent
288,2025-07-13,3530203,00:32:26,220907,117.41,18.03,50517.64,3764836220,18825366,0.0392868512094063,29.33,1946,32.43,0.04571499995088682,Excellent
289,2025-07-20,3508577,00:32:31,221008,115.92,17.88,50651.45,3768344797,18883886,0.0390503614428299,-0.61,1951,32.52,0.04543652834403213,Excellent
290,2025-07-27,3605858,00:32:46,225524,122.33,18.98,50792.76,3771950655,18945682,0.0401295447574474,2.77,1966,32.77,0.046695840681185825,Excellent
291,2025-08-03,3496379,00:32:05,221569,117.77,18.32,50928.85,3775447034,19004164,0.0398572809183443,-3.04,1925,32.08,0.046372331566648335,Excellent
292,2025-08-10,3553727,00:32:18,223863,123.73,19.02,51071.6,3779000761,19066470,0.0411331540098606,1.64,1938,32.3,0.047859908139726993,Excellent
293,2025-08-17,3383408,00:32:37,219315,118.37,18.16,51208.13,3782384169,19125607,0.0413212713335193,-4.79,1957,32.62,0.04806346465127018,Excellent
294,2025-08-24,3410694,00:32:38,219022,119.72,19.03,51346.88,3785794863,19186520,0.0416572111130462,0.81,1958,32.63,0.048459328952893774,Excellent
295,2025-08-31,3514042,00:32:47,220347,125.73,19.75,51492.35,3789308905,19248889,0.0423932098705707,3.03,1967,32.78,0.04932851797163748,Excellent
296,2025-09-07,3441776,00:33:59,218942,124.08,19.76,51636.19,3792750681,19306948,0.0427953940058853,-2.06,2039,33.98,0.04978860350879945,Excellent
297,2025-09-14,3559167,00:32:48,218422,127.53,19.76,51783.47,3796309848,19366536,0.0423764774173282,3.41,1968,32.8,0.049320547756617546,Excellent
298,2025-09-21,3535639,00:32:51,219953,130.08,19.62,51933.18,3799845487,19423364,0.0433564625800315,-0.66,1971,32.85,0.05045370809549503,Excellent
299,2025-09-28,3432378,00:32:42,217730,128.86,19.09,52081.13,3803277865,19479585,0.0441387283102269,-2.92,1962,32.7,0.051353056056767786,Excellent
